1487313666.192181::La batalla por el trono entre Verizon y AT&amp;T por los planes ilimitados https:\/\/t.co\/XHIYNGtkto"
1487313679.527164::@marceloclaure @sprint @verizon @ATT \"top 106 metro markets\". You have NO SERVICE outside most urban areas. LOL","display_text_range":[37,111]
1487313679.9271913::@verizon really disappointed. $80 for one line for unlimited? That's not a deal. Super sneaky advertising to keep that in fine print.","display_text_range":[9,133]
1487313699.5274122::2 iphone 6s 64gb Verizon (unlocked)  + 1 iPhone 5 16gb Verizon (unlocked)  https:\/\/t.co\/6TGWFxpGNc https:\/\/t.co\/IrWOTHIEUI","display_text_range":[0,98]
1487313704.8249931::https:\/\/t.co\/RaldPNrdpn"
1487313715.125767::@theileenoh @KEEMSTAR also if i stand corrected keem made Verizon stop sponsoring the wsj which I think is pretty impressive","display_text_range":[22,124]
1487313720.1279862::Thinking bout switching to Verizon..... only if the buy me out of my Sprint contract \u263a\ufe0f"
1487313731.3698628::AT&amp;T just sucks overall so idk what you are talking about \ud83d\ude44 https:\/\/t.co\/07K3qfmg5o","display_text_range":[0,63]
1487313751.6351774::\ud83e\udd11\u00a0Wireless companies are desperate for \u201cthe next big thing.\u201d #Drones https:\/\/t.co\/7boVKmf6tY via @finimize"
1487313760.0097423::@verizon https:\/\/t.co\/1ubJPb2MdQ.  Please help us in spreading the word...  Thank you. \ud83d\ude4f\ud83d\udc4d\u2764\ufe0f\ud83d\ude04","display_text_range":[9,92]
1487313807.0168233::RT @KEEMSTAR: -@verizon why are u sponsoring the @WIRED for lying &amp; slandering @pewdiepie! I'm canceling my Verzion internet\/Cell\u2026 "
1487313807.0168233::Verizon reportedly wants $324 million price cut on Yahoo deal after data breach disclosures - The Sydney Morning Herald \u2026"
1487313807.1288302::HTC One M8 (2014) - 32GB Verizon No Sim Unlocked Used Auction Android Phone https:\/\/t.co\/ck6yziqFGS https:\/\/t.co\/SQYGCWdx48","display_text_range":[0,99]
1487313807.6590126::RT @UOBusiness: Huge congrats to @SkywardIO on their acquisition by @Verizon! The company was cofounded by @OregonMBA classmates an\u2026 "
1487313807.7109878::RT @SecMash: Verizon reportedly wants $324 million price cut on Yahoo deal after data breach disclosures - The Sydney Morning Herald \u2026"
1487313810.2253585::@reliancejio please try to provide unlimited after free offer like verizon did in usa"
1487313882.1200268::@KEEMSTAR are you still with #Verizon?. Curious if you did what you are asking 1.3million ppl to do?"
1487313907.702107::RT @koyaua: #marketingdigital #ideas #ventas #negocios La batalla por el trono entre Verizon y AT&amp;T por los planes ilimitad... https:\/\/t.co\u2026"
1487313908.130133::RT @Pissed_Pat: But no, really, I can't imagine why President Trump calls CNN #VeryFakeNews.....\nhttps:\/\/t.co\/ACgAyVLz88"
1487313908.2221453::RT @Suns: Introducing 2017 @verizon Slam Dunk Contest participant: @TheRea1DJones aka Airplane Mode \u2708\ufe0f https:\/\/t.co\/VTEwhyvgFU"
1487313908.2420905::Stuck in a crappy @verizon contract with fees for everything! #IDeserveBetter   #MoveOnToMoto\nhttps:\/\/t.co\/FgramDSojg"
1487313908.2771308::Verizon won't be the last company to attempt to immunize its balance sheet from tax changes."
1487313908.3083434::Verizon won't be the last company to attempt to immunize its balance sheet from tax changes."
1487313908.3163705::Verizon won't be the last company to attempt to immunize its balance sheet from tax changes."
1487313908.5814235::Verizon won't be the last company to attempt to immunize its balance sheet from tax changes."
1487313908.5894318::Verizon won't be the last company to attempt to immunize its balance sheet from tax changes."
1487313908.5894318::Verizon won't be the last company to attempt to immunize its balance sheet from tax changes."
1487313908.5934296::Verizon won't be the last company to attempt to immunize its balance sheet from tax changes."
1487313908.6374793::Verizon won't be the last company to attempt to immunize its balance sheet from tax changes."
1487313908.6454809::Verizon won't be the last company to attempt to immunize its balance sheet from tax changes."
1487313908.6694303::Verizon won't be the last company to attempt to immunize its balance sheet from tax changes."
1487313908.6974835::Verizon won't be the last company to attempt to immunize its balance sheet from tax changes."
1487313908.741462::Verizon won't be the last company to attempt to immunize its balance sheet from tax changes."
1487313909.2249892::Verizon won't be the last company to attempt to immunize its balance sheet from tax changes."
1487313909.2329886::And what had to happen happened: Verizon wants US$250 million price cut on #Yahoo deal after data breach disclosure\u2026 https:\/\/t.co\/CmzxkUPAnp","display_text_range":[0,140]
1487313910.0250454::Verizon won't be the last company to attempt to immunize its balance sheet from tax changes. https:\/\/t.co\/wY34LaMYKO"
1487313910.9824746::#eBay #iphone #android New Samsung Galaxy S5 SM-G900V Verizon Wireless 16GB Android SmartPhone\u2026\u2026 https:\/\/t.co\/RhC8ncIYFt","display_text_range":[0,140]
1487313918.858986::RT @cvrsn: if anyone has an iphone for T Mobile or Verizon hmu please.."
1487313922.1343615::RT @KEEMSTAR: -@verizon why are u sponsoring the @WIRED for lying &amp; slandering @pewdiepie! I'm canceling my Verzion internet\/Cell\u2026 "
1487313927.5947263::RT @BleacherReport: The NBA may need to name the All-Star Game MVP trophy after LeBron James (\u27a1\ufe0f @Verizon) https:\/\/t.co\/CxQLSR1mh3"
1487313943.43841::RT @DasSchmagimator: @nate_carlson @TMobile @MacRumors @julipuli I like supporting NY businesses and NYers. Verizon isn't one of them, howe\u2026"
1487313945.4705408::Verizon\u2019s drone push takes flight with Skyward purchase https:\/\/t.co\/t015BJnQAt via @FT #drone #drones"
1487313988.7233872::\ud83e\udd11\u00a0Wireless companies are desperate for \u201cthe next big thing.\u201d #Drones https:\/\/t.co\/sak8nLDIk9 via @finimize"
1487313990.0794668::Featured: Swappa listing for Google Pixel - Verizon Edition (Verizon): $510 https:\/\/t.co\/Boz9sIYxCY"
1487314017.3276112::Honestly I can't get over the fact that Verizon is unlimited still \ud83d\ude2d\ud83d\ude2d\ud83d\ude2d my life has been saved"
1487314058.022279::RT @jschlickfisch: #Cybers\u00e9curit\u00e9\n[Rapport] Les 16 principales cyberattaques du moment d'apr\u00e8s Verizon \nPubli\u00e9 via @LUsineDigitale\nhttps:\/\/\u2026"
1487314099.684213::RT @ChadiHantouche: And what had to happen happened: Verizon wants US$250 million price cut on #Yahoo deal after data breach disclosure\u2026 "
1487314099.6882136::New Samsung Galaxy S5 SM-G900V Verizon Wireless 16GB Android SmartPhone White in Cell Phones &amp; Accessories, Cell P\u2026 https:\/\/t.co\/Tx6L2Ps8E4"
1487314099.7561958::RT @KEEMSTAR: -@verizon why are u sponsoring the @WIRED for lying &amp; slandering @pewdiepie! I'm canceling my Verzion internet\/Cell\u2026 "
1487314099.7768044::@smmileitsam @TMobile @verizon which coverage area? Was thinking about switching to tmo","display_text_range":[31,87]
1487314121.9251597::@verizon THANKS FOR BRINGING UNLIMITED BACK!! \ud83d\udc4d\ud83c\udffc\ud83d\udd25\ud83d\ude0e"
1487314126.7503536::@TombRaiderPro @marceloclaure @verizon precisely. And when in the middle of nowhere, you\u2019re not going to see any bars from Sprint.","display_text_range":[39,130]
1487314127.6744401::RT @TB4HR: Verizon just acquired a drone company https:\/\/t.co\/wWgWyDiiU9 #UAV #IoT #Drones #Verizon #Tech #Robotics https:\/\/t.co\/8ecM80qeAR"
1487314161.326829::Verizon close to Yahoo deal, price cut of $250-350 mn expected... https:\/\/t.co\/fXtDqWLfqH"
1487314213.429248::LITERALLY ME EVERY MONTH https:\/\/t.co\/JUNKDkJoMS","display_text_range":[0,24]
1487314245.5087664::RT @AbhijitBhaduri: 2017 will be the year of the drone just 2016 was the year of AI. Now Verizon buys a drone company - Skyward https:\/\/t.c\u2026"
1487314246.4448264::Please RT #iphone #ipad #mac AT&amp;T and Verizon Boost Monthly Wireless Data in Ongoing Competition [iOS.. https:\/\/t.co\/6oGVTWYTW2"
1487314248.0792692::This also means that investing 5%+ of your IT budget in #cybersecurity makes sense vs. possible loss. #Yahoo #breach #Verizon"
1487314256.275756::@ATWNessa @AshScion Well, if you want I'll leave a couple of tickets at will call at the Verizon Center for you. Maybe bring Harm along.","display_text_range":[20,136]
1487314268.5352502::RT @KEEMSTAR: -@verizon why are u sponsoring the @WIRED for lying &amp; slandering @pewdiepie! I'm canceling my Verzion internet\/Cell\u2026 "
1487314287.7198582::For how long?  Like when are y'all ganna charge people for data again \ud83d\ude02y'all got something up ya sleeve  https:\/\/t.co\/vc7fy6upmW"
1487314300.8054802::RT @GD4000CAT: Our Newbie closing out NEW lines on his 1st day!! 4 NEWs!! Good bye Verizon!! @DES_DM_WL @DEVINPOLK3 @wl_byoung\u2026 "
1487314319.452415::And it's laughable. Where's the tethering? @ATT finally responds to @Verizon's unlimited plan launch. https:\/\/t.co\/aG9bVsoOE8"
1487314336.2267592::first Verizon now AT&amp;T, this is too much for my brain \ud83d\ude29\ud83d\ude29 i have to memorize all these fucking plans"
1487314363.6358163::RT @KEEMSTAR: -@verizon why are u sponsoring the @WIRED for lying &amp; slandering @pewdiepie! I'm canceling my Verzion internet\/Cell\u2026 "
1487314389.932977::Verizon Sending Out Free Daydream View VR Headsets https:\/\/t.co\/9ys4CsaasO"
1487314403.3739016::Verizon fake I already switched to Sprint https:\/\/t.co\/h2obOVF8eh","display_text_range":[0,41]
1487314407.5846984::@verizon no 2 year contact? Well looks like I'm sticking with @sprint"
1487314466.8337462::This is really a big deal for you lmao https:\/\/t.co\/ilRKUBLjfa"
1487314496.350379::#CorpoTips La batalla por el trono entre Verizon y AT&amp;T por los planes ilimitados https:\/\/t.co\/LvDTNZrmMn https:\/\/t.co\/D3Buig0QNr","display_text_range":[0,109]
1487314521.8280902::La batalla por el trono entre Verizon y AT&amp;T por los planes ilimitados https:\/\/t.co\/e8Lu7leOcL https:\/\/t.co\/Uvtxk9EI0b","display_text_range":[0,98]
1487314524.5252879::AT T expands access to unlimited plan after Verizon launch  https:\/\/t.co\/p33JENKP6d #stockmarket #news"
1487314561.9921744::RT @TechCrunch: Verizon buys Skyward, a drone operations company https:\/\/t.co\/vx24idUm7E"
1487314577.8992991::Apple iPad 2 16GB, Wi-Fi + 3G (Verizon), 9.7in - Black https:\/\/t.co\/PjN19lFUSe https:\/\/t.co\/VrLhBtcnT8","display_text_range":[0,78]
1487314602.4297328::#YahooNEWS \n\nVerizon reportedly wants $324 million price cut on Yahoo deal after data breach disclosures https:\/\/t.co\/ymAdCsrlvc via @smh"
1487314607.825978::AT&amp;T expands access to unlimited plan after Verizon launch https:\/\/t.co\/WkSb0TRD0t https:\/\/t.co\/YyrQPPMh0B","display_text_range":[0,86]
1487314612.8029952::RT @SenSanders: Boeing pays no taxes. Verizon gets a refund. Pfizer stashes their money abroad. It is high time we ask these groups to pay\u2026"
1487314630.0955641::Wells Fargo &amp; Company Reiterates Market Perform Rating for Verizon Communications Inc. $VZ https:\/\/t.co\/I3IMLZ4sz9"
1487314645.214815::Verizon is total ass now"
1487314645.293954::Apple iPhone 6s - 16GB - Space Gray (Verizon) Smartphone https:\/\/t.co\/qkTmfjeqh0 https:\/\/t.co\/6XSUkHH23P","display_text_range":[0,80]
1487314645.4259617::Unlimited plans: Verizon, T-Mobile, AT&amp;amp;T and Sprint, compared - CNET https:\/\/t.co\/dM3pcfRwKz"
1487314657.8793912::@marceloclaure @sprint @verizon @ATT I pay ONE line $118 for unlimited data each month. So FOUR lines is $90 unlimited each month is unfair!","display_text_range":[37,140]
1487314664.473141::Verizon acquires drone operations management firm Skyward - https:\/\/t.co\/2nVgDhi6AB https:\/\/t.co\/nDt9vId3XE","display_text_range":[0,83]
1487314677.734913::@XOXOHUONG I know, i've had people come in switching to verizon because they didn't want uverse or direct tv \ud83d\udc80","display_text_range":[11,110]
1487314686.826644::we all have Tmobile but yet my sister got Verizon wifi. Hmmmm"
1487314710.0630527::Apple iPad 2 16GB, Wi-Fi + 3G (Verizon), 9.7in - Black https:\/\/t.co\/M9HCISdaMg https:\/\/t.co\/Bthwfex2SC","display_text_range":[0,78]
1487314720.6507392::Apple iPad 2 16GB, Wi-Fi + 3G (Verizon), 9.7in - Black https:\/\/t.co\/NQp4ISaJQB https:\/\/t.co\/5aJ2R5IvnJ","display_text_range":[0,78]
1487314725.169926::@Fritolay The most fucked up corporation next to Verizon wireless."
1487314740.2055786::RT @DadddddyD: Thank god verizon finally has unlimited data \ud83d\ude4f\ud83c\udffc"
1487314743.5337875::The Best 'Unlimited' Mobile Data Plan Among Verizon, AT&amp;T, Sprint And T-Mobile, Know The Details https:\/\/t.co\/gb7B3sYnYI"
1487314747.1142597::Verizon buys Skyward, a drone operations company - https:\/\/t.co\/tzZ9OVeZDo #tech #gadget #electronic https:\/\/t.co\/xcisEQXnOU","display_text_range":[0,100]
1487314752.9876957::Verizon hacks away at $4.8 billion price tag for Yahoo&amp;amp;apos;s core assets #WorldNews https:\/\/t.co\/Y4JT8FosDx"
1487314753.1283243::- Verizon should already know how @ATT finna come! https:\/\/t.co\/oMsCwnQFSa","display_text_range":[0,50]
1487314753.1595764::might have to switch to Verizon fr kause this service I got rn is \ud83d\udeae"
1487314754.8613975::RT @ABC: On the heels of Verizon's new unlimited data plan, Sprint, AT&amp;T and T-Mobile offer their own new unlimited plans.\u2026 "
1487314756.8521974::Apple iPad 2 16GB, Wi-Fi + 3G (Verizon), 9.7in - Black https:\/\/t.co\/IbvzMoFQdb https:\/\/t.co\/v1gBXI6fEb","display_text_range":[0,78]
1487314779.845194::@kandaceyork @noaagov @snopes some ppl? As Satires of Juvenile wisely posed, \" who watches the watchmen?\" \n https:\/\/t.co\/qEtcr7VjcV","display_text_range":[30,131]
1487314780.7355723::RT @SenSanders: Boeing pays no taxes. Verizon gets a refund. Pfizer stashes their money abroad. It is high time we ask these groups to pay\u2026"
1487314794.6005707::motorola x 2nd generacion xt1096 verizon 16gb 4g lte android negro https:\/\/t.co\/QhG4Y8QoE6"
1487314799.1965892::Marketing Day: Shopping with Google Home, keyword analysis &amp; Verizon-Yahoo deal https:\/\/t.co\/a5JEW845kH via @marketingland"
1487314800.9548755::RT @NotmeJak: #YahooNEWS \n\nVerizon reportedly wants $324 million price cut on Yahoo deal after data breach disclosures https:\/\/t.co\/ymAdCsr\u2026"
1487314811.1229312::Verizon Said to Near Yahoo Deal at Lower Price #ictbusiness   https:\/\/t.co\/lABpfNkoOm"
1487314813.1572776::Verizon has unlimited data now \ud83d\ude0d\ud83d\ude0d"
1487314829.9303465::My distraction screen is wonky and needs to eat and not lookin as far away as it used to so im like haha okay @verizon pay my bill @ ur new\ud83d\udd95"
1487314831.4309962::Verizon Said to Near Yahoo Deal at Lower Price #ictbusiness   https:\/\/t.co\/WkIK3cHN8L"
1487314832.8461747::Verizon Acquires Skyward: Building on its strategy to drive innovation and adoption for IoT\u2026 https:\/\/t.co\/nI7L928XBQ"
1487314833.2959044::THE Verizon guy playing for the other team is nearly impossible to ignore. https:\/\/t.co\/StJlG5OmAp #Verizon #Sprint #marketing #campaign"
1487314842.136904::Apple iPad 2 16GB, Wi-Fi + 3G (Verizon), 9.7in - Black https:\/\/t.co\/PjN19lFUSe https:\/\/t.co\/yeIaPj1Kp5","display_text_range":[0,78]
1487314843.4181905::@madebygoogle @verizon White girl trying to be \"edgy\" by appropriating black culture, and hair styles.","display_text_range":[23,102]
1487314844.4780726::@BoldInterrobang @ATT @verizon @9to5mac at lease @AT&amp;T let you use discounts other than military","display_text_range":[40,100]
1487314850.9342792::REPORT: Verizon is close to a revised deal that cuts Yahoo's price by about $250 million https:\/\/t.co\/eZwOyRfIHx"
1487314851.9730742::Verizon aurait r\u00e9duit de 250 M$ le prix de rachat de Yahoo - Le Monde Informatique https:\/\/t.co\/ViBNS4OclK"
1487314853.8256798::La batalla por el trono entre Verizon y AT&amp;T por los planes ilimitados https:\/\/t.co\/A5h3rLQz2t"
1487314863.839691::RT @ArkansasEd: Congrats to these Forest Heights STEM Academy students for their achievement in Verizon Innovative Learning App Cha\u2026 "
1487314876.2354083::Apple iPad 2 16GB, Wi-Fi + 3G (Verizon), 9.7in - Black https:\/\/t.co\/eXbDfkuGcY https:\/\/t.co\/LdtF87aN98","display_text_range":[0,78]
1487314876.8794484::Verizon Acquires Skyward | DroneSport - https:\/\/t.co\/N6x2gy0W15 #drones"
1487314898.0636::RT @OTG_Kapo: Niggas out here switching up on you like the nigga from Verizon"
1487314903.6447124::RT @kassandraRaye: Verizon has been sending FAKE texts from my phone after 11 PM Thurs-Sat for YEARS, trying to make me look like a PSYCHOP\u2026"
1487314913.5163946::Just upgraded to @verizon unlimited data plan. Feels so good to be data-rich \ud83c\udf89"
1487314926.8544705::Verizon Acquires Skyward | DronePilots - https:\/\/t.co\/hTEWP1yz9X #drones"
1487314936.6533368::Verizon Acquires Skyward | Droneblog - https:\/\/t.co\/WjvERx3E4i #drones"
1487314947.2349427::Wells Fargo &amp; Company Reiterates Market Perform Rating for Verizon Communications Inc. $VZ https:\/\/t.co\/0LRFhoCcIG"
1487314952.3130496::Actually was considering getting the latest Google phone but their pixel ad is problematic \ud83d\ude05 https:\/\/t.co\/R8HZwqqtb6","display_text_range":[0,92]
1487314960.2296107::Verizon Acquires Skyward #dronenews https:\/\/t.co\/pC776708Ck","display_text_range":[0,35]
1487314977.7847168::Gal on Verizon and shit"
1487314983.190204::BlackBerry Z30 16GB Black r(Verizon)Smartphone Cell Cellphone Unlocked AT https:\/\/t.co\/E6YjyxPChA"
1487314998.2274191::Verizon \u043a\u0443\u043f\u0438\u0442 Yahoo, \u0437\u0430\u043f\u043b\u0430\u0442\u0438\u0432 \u043d\u0430 250-350 \u043c\u043b\u043d \u043c\u0435\u043d\u044c\u0448\u0435, \u0447\u0435\u043c \u0431\u044b\u043b\u043e \u0443\u0441\u043b\u043e\u0432\u043b\u0435\u043d\u043e\nhttps:\/\/t.co\/k6s3dBdZF1 https:\/\/t.co\/Li4g71izuM","display_text_range":[0,95]
1487315005.4657228::I should of just got Verizon too much corny shit now I know"
1487315015.5511909::@sarahbarrengerr @marceloclaure @sprint Verizon can offer a cheaper price for 2 lines","display_text_range":[40,85]
1487315024.6988583::Yesssss! FINALLY nowI have unlimited data...finally @verizon"
1487315025.9332707::Latest in #telcofuturism - @verizon is buying a #drone company https:\/\/t.co\/Hn6bVN550Y","display_text_range":[0,62]
1487316553.446522::OEM Charging Port Dock USB Connector Flex Cable  Samsung Galaxy S5 Verizon G900V https:\/\/t.co\/AMR1bHEfpF https:\/\/t.co\/FdmfFSNDD6","display_text_range":[0,104]
1487316553.4620914::Apple iPhone 5s - 16GB - Space Gray (Verizon) Smartphone https:\/\/t.co\/qmnJs6RBCv https:\/\/t.co\/vhGLyapRNv","display_text_range":[0,80]
1487316553.4620914::Apple iPhone 5s - 16GB - Space Gray (Verizon) Smartphone https:\/\/t.co\/ZbTryC9UIC https:\/\/t.co\/XIF5Bcg4Om","display_text_range":[0,80]
1487316553.4777527::Apple iPhone 5s - 16GB - Space Gray (Verizon) Smartphone https:\/\/t.co\/FaFbZv1JoM https:\/\/t.co\/JcUzanBinO","display_text_range":[0,80]
1487316553.4933496::Motorola droid turbo 1 XT1254 verizon minat 08988 900066 https:\/\/t.co\/tsooiLzl2x","display_text_range":[0,56]
1487316553.4933496::Apple iPhone 5s - 16GB - Space Gray (Verizon) Smartphone https:\/\/t.co\/baDX0qji9R https:\/\/t.co\/5F7fJbNuyr","display_text_range":[0,80]
1487316553.508995::@SapongJasmine Great question! You are able to get the Google Pixel on both Verizon Wireless Postpaid and Prepaid services. *KAM","display_text_range":[15,128]
1487316553.508995::Apple iPhone 5s - 16GB - Space Gray (Verizon) Smartphone https:\/\/t.co\/9BRz00KyJ0 https:\/\/t.co\/BR8aMZImWu","display_text_range":[0,80]
1487316553.5246196::\ud83e\udd11\u00a0Wireless companies are desperate for \u201cthe next big thing.\u201d #Drones https:\/\/t.co\/ZTgFbEsvpk via @finimize"
1487316553.5246196::Apple iPhone 7 128GB Verizon GSM Factory Unlocked BRAND NEW CLEAN ESN WARRANTY https:\/\/t.co\/YaAcMkoxiK"
1487316553.540246::RT @CashShield_: The economic impact of data breaches: #Verizon wants $324 million discount on #Yahoo deal after data breach. https:\/\/t.co\/\u2026"
1487316553.540246::Apple iPhone 5s - 16GB - Space Gray (Verizon) Smartphone https:\/\/t.co\/xtODcgX98u https:\/\/t.co\/y7It65fHiq","display_text_range":[0,80]
1487316553.555897::apple iphone 4 8gb verizon touchscreen smartphone b86 https:\/\/t.co\/FCeznoSXFQ https:\/\/t.co\/d2DdXq2JDt","display_text_range":[0,77]
1487316553.555897::Apple iPhone 5s - 16GB - Space Gray (Verizon) Smartphone https:\/\/t.co\/fr18IEC5dW https:\/\/t.co\/yJVNss3GK3","display_text_range":[0,80]
1487316553.5715232::Apple iPhone 5s - 16GB - Space Gray (Verizon) Smartphone https:\/\/t.co\/Iv4G9eqrJE https:\/\/t.co\/MJO34h3Q2U","display_text_range":[0,80]
1487316553.587146::RT @VerizonVentures: Congrats to our portfolio company @SkywardIO! @Verizon acquired the company to drive #drone innovation forward:\u2026 "
1487316553.587146::OEM Charging Port Dock USB Connector Flex Cable  Samsung Galaxy S5 Verizon G900V https:\/\/t.co\/SFtsXw2Wt2 https:\/\/t.co\/J6NNGJQ60o","display_text_range":[0,104]
1487316553.6027455::Apple iPhone 6 Plus - 64GB - Space Gray (Verizon) Smartphone  https:\/\/t.co\/tGqWn2a4UC https:\/\/t.co\/jnUUxxtZ8o","display_text_range":[0,85]
1487316553.6027455::AT&amp;T sigue los pasos de Verizon y Sprint con su propio plan ilimitado - CNET en Espa\u00f1ol https:\/\/t.co\/yyfd0uPQ7v"
1487316553.6183708::Apple iPhone 5s - 16GB - Space Gray (Verizon) Smartphone https:\/\/t.co\/jAFfpKDeCo https:\/\/t.co\/IYlbwftpLl","display_text_range":[0,80]
1487316553.6183708::@sprintcare Nothing to look at fool. I am tired of the dropped calls and lousy speeds. I have #verizon and couldn't be happier.","display_text_range":[12,127]
1487316553.6340244::Apple iPhone 5s - 16GB - Space Gray (Verizon) Smartphone https:\/\/t.co\/32rT5GlyC5 https:\/\/t.co\/NgAiEr0poH","display_text_range":[0,80]
1487316553.6340244::@JohnLegere My wife and I are currently on Verizon, but want to switch to you. But we have pixel phones we want to keep. What's our options?"
1487316553.6496482::Apple iPhone 5s - 16GB - Space Gray (Verizon) Smartphone https:\/\/t.co\/RbUUeUVqZv https:\/\/t.co\/G3uhuEj8Q7","display_text_range":[0,80]
1487316553.6496482::Apple iPhone 5s - 16GB - Space Gray (Verizon) Smartphone https:\/\/t.co\/FaFbZv1JoM https:\/\/t.co\/tzErG3QvxF","display_text_range":[0,80]
1487316553.6652732::too glad Verizon went unlimited &amp; we already on it \ud83d\ude02\ud83d\udcaa\ud83c\udffe the data way \u2934\ufe0f"
1487316553.6652732::fuck you Verizon.  My phone sucks so bad I can't even use snap chat anymore \u2639\ufe0f\ud83d\ude1e"
1487316553.6808717::RT @AmishPornStar1: Maybe we could just call Verizon and put Donald Trump on a limited data plan?"
1487316553.6964977::#TruetoAtlanta #Celtics #BrooklynGrit #BuzzCity.#BullsNation.#DefendTheLand.#MFFL.#MileHighBasketball\u2026 https:\/\/t.co\/nS0cnRoa6v","display_text_range":[0,140]
1487316553.6964977::Apple iPhone 5s - 16GB - Space Gray (Verizon) Smartphone https:\/\/t.co\/G4opil6taV https:\/\/t.co\/cA8xLEcBJI","display_text_range":[0,80]
1487316553.7121215::Best Unlimited Data Plans: Verizon, AT&amp;T, T-Mobile, Sprint All With New Offers - International Business Times:\u2026 https:\/\/t.co\/RlHmB4EMWh"
1487316553.7277184::RT @DocPunchESPN: No, headed to ESPN for Verizon Indycar meetings to prep for season opener at St Pete.. https:\/\/t.co\/w9dOSHNvJh"
1487316553.7277184::OEM Charging Port Dock USB Connector Flex Cable  Samsung Galaxy S5 Verizon G900V https:\/\/t.co\/YdLp13GztN https:\/\/t.co\/YGrSDhmmJ8","display_text_range":[0,104]
1487316553.743398::RT @CNET: Everything you need to know about the brave new world of @verizon, @TMobile , @ATT  and @sprint's unlimited plans\u2026 "
1487316553.759022::RT @IndyCar: KV Racing Technology announced today that it will no longer compete in the Verizon IndyCar Series. https:\/\/t.co\/bUkdWZrZ6p"
1487316554.9465349::RT @jai_baby21: For how long?  Like when are y'all ganna charge people for data again \ud83d\ude02y'all got something up ya sleeve  https:\/\/t.co\/vc7fy\u2026"
1487316557.0246227::Apple iPhone 6s - 128GB - Rose Gold (Verizon) Smartphone  https:\/\/t.co\/Kc8UoFUOic https:\/\/t.co\/9N6MLx2WrM","display_text_range":[0,81]
1487316557.626731::iPhone 5s 32GB Gold (Verizon) 3 Lifeproof Cases + Life jacket PERFECT CONDITION https:\/\/t.co\/ShQ6rUvCI1 https:\/\/t.co\/64FJPOfZKD","display_text_range":[0,103]
1487316573.7389684::Another good idea. #LOL #TrumpImpeachmentParty #persist #resist https:\/\/t.co\/0iz4HK5Yf3","display_text_range":[0,63]
1487316600.4479918::RT @evankirstel: T-Mobile CEO John Legere on earnings, countering Verizon's data plan #wireless #earnings @firstadopter https:\/\/t.co\/HQKsKy\u2026"
1487316604.2300496::Verizon, defalarca hacklenen Yahoo\u2019yu 250 milyon dolar indirimle sat\u0131n al\u0131yor  https:\/\/t.co\/BZdM6V2HEZ https:\/\/t.co\/ZTpHcFEuO7","display_text_range":[0,102]
1487316625.6323318::Marketing Day: Shopping with Google Home, keyword analysis &amp; Verizon-Yahoo deal  affiliate marketing https:\/\/t.co\/XG2bIKCpJa"
1487316633.7379549::Unlimited Plan Comparison: Verizon vs. AT&amp;T vs. T-Mobile vs. Sprint | Droid Life https:\/\/t.co\/dglLdNlTOP"
1487316644.9354973::@verizon y'all think y'all can jugg me and make me pay 680 huh!"
1487316651.9361997::@TMobile @verizon @ATT @sprint &amp; my carrier (#TMobile) STILL leads the industry into the next gen paving EVERY path we see today @JohnLegere","display_text_range":[31,144]
1487316693.7291331::OEM Charging Port Dock USB Connector Flex Cable  Samsung Galaxy S5 Verizon G900V https:\/\/t.co\/j2Z9V6UvqU https:\/\/t.co\/V9u3GbLVd4","display_text_range":[0,104]
1487316699.128785::Unlimited plans: Verizon, T-Mobile, AT&amp;T and Sprint, compared https:\/\/t.co\/TbBdorNvWe"
1487316723.6345031::@sade_passmore1 Verizon cheaper my sprint bill 108.00 for one line","display_text_range":[16,66]
1487316775.9303522::Traders Sell Verizon Communications Inc. $VZ on Strength on Insider Selling https:\/\/t.co\/ZA7d7PsZai"
1487316793.4477308::RT @AmishPornStar1: Maybe we could just call Verizon and put Donald Trump on a limited data plan?"
1487316793.93211::#computer #deals #5083 NEAR MINT \u2013 Apple iPad 3rd Gen 64GB Wi-Fi +  VERIZON Unlocked- ACCE\u2026 https:\/\/t.co\/31nnYwtfk5 https:\/\/t.co\/taMVA0xkHY","display_text_range":[0,115]
1487316797.6395621::Head to head: Comparing AT&amp;T, Sprint, T-Mobile &amp; Verizon's 'unlimited' wireless plans for iPhone... https:\/\/t.co\/fOC6Et3BqY"
1487316845.2400725::Verizon buys Skyward, a drone operations\u00a0company https:\/\/t.co\/MVSvoaMWaK"
1487316846.6306624::Finally unlimited data \ud83d\ude0d yay Verizon"
1487316876.1411784::RT @TechCrunch: Verizon buys Skyward, a drone operations company https:\/\/t.co\/vx24idUm7E"
1487316900.929614::@F1sT If you want quality go Verizon.","display_text_range":[6,37]
1487316906.7550325::AT&amp;amp;T Launches Unlimited Plan But There's a Big Catch  #cell #att #verizon https:\/\/t.co\/CqBwv3wlUl |\u2026 https:\/\/t.co\/qKIoikI8tN","display_text_range":[0,140]
1487316916.3370817::2 Tickets Lady Gaga Joanne World Tour Verizon Center Washington D.C. Sun. 11\/19\n\nvia\n\n$324.00\nEnd Date: Saturday F\u2026 https:\/\/t.co\/gWDRHmVzow"
1487316917.3370924::Apple A1387 iPhone 4s 8GB MF259LL\/A Verizon 24.0 Version 9.3.5 (13G36) #20376 https:\/\/t.co\/1Wnui4LPSR https:\/\/t.co\/C6YhdQFAhl","display_text_range":[0,101]
1487316921.9308798::Apple A1387 iPhone 4s 8GB MF259LL\/A Verizon 24.0 Version 9.3.5 (13G36) #20376 https:\/\/t.co\/k60Fp4DrB5 https:\/\/t.co\/OhRUJQvNnJ","display_text_range":[0,101]
1487316932.7384593::Apple A1387 iPhone 4s 8GB MF259LL\/A Verizon 24.0 Version 9.3.5 (13G36) #20376 https:\/\/t.co\/zlYsaszIg4 https:\/\/t.co\/H5Cu1RDeCU","display_text_range":[0,101]
1487316945.9274595::Best Unlimited Data Plans: Verizon, AT&amp;T, T-Mobile, Sprint All With New Offers - International Business Times \u2026 https:\/\/t.co\/hBuZ7bH5Iq","display_text_range":[0,115]
1487316961.5306969::#AaronGordon for the Verizon Slam Dunk Contest Trophy!..Talented fella\ud83d\udcaa #NBAAllStarWeekend"
1487316992.6335964::@verizon @VerizonSupport why is my #Fios down?"
1487317038.024848::Free on @Listia: Verizon samsung prepaid phone. Get it here - https:\/\/t.co\/MFgHeE9Kur"
1487317043.0351882::RT @engadget: Verizon reportedly reduces its Yahoo offer by $250 million https:\/\/t.co\/NjDMxcjL5g https:\/\/t.co\/tY056Pb2dO"
1487317080.9728687::@maciasmariah17 cause you have T-Mobile. Switch to Verizon","display_text_range":[16,58]
1487317098.6695592::.. @VZWSupport I want to move my Pixel, my gf's iPhone 7, and out iPad Air 2 to @verizon from @TMobile"
1487317106.3396456::Cracked screen Apple iPhone 6 -128GB Gold (Verizon) https:\/\/t.co\/rVwYmqhIF6 https:\/\/t.co\/zV2oVD2Hob","display_text_range":[0,75]
1487317108.5577588::Apple iPhone 7 Plus GLOW MOD - 256GB - Black (Verizon) MINT https:\/\/t.co\/1WWUWgDqVe https:\/\/t.co\/6B6XeeLdwL","display_text_range":[0,83]
1487317109.9600346::Apple iPhone 7 Plus (Latest Model) - 256GB - Black (Verizon) Smartphone  https:\/\/t.co\/MR9hvLJY24 https:\/\/t.co\/fAFcQ0l7IG","display_text_range":[0,96]
1487317154.7886462::https:\/\/t.co\/r5ihzNUpEL Apple iPhone 5s - 16GB - Gold (Verizon) - BROKEN \/ SOLD AS IS"
1487317185.1289222::Verizon dropped they price &amp; got everyone else shook \ud83d\ude02\ud83d\ude02\ud83d\ude02 Sprint talking about they giving out 5 lines for 90$"
1487317185.1445417::Verizon has announced it has purchased Skyward, a private drone software vendor,... https:\/\/t.co\/LqdVD1yX01"
1487317188.2830186::Apple iPhone 5s - 16GB - Gold (Verizon) - BROKEN \/ SOLD AS IS https:\/\/t.co\/NZDum3J7Lj https:\/\/t.co\/G1jVHVhGGK","display_text_range":[0,85]
1487317195.1049109::Verizon close to Yahoo deal, price cut of $250-350 mn expected... https:\/\/t.co\/9ONo8iye65"
1487317198.3699212::@ShainaPfaff you just got on Verizon 20 minutes ago why are you the spokesperson for them \ud83d\ude02","display_text_range":[13,91]
1487317205.1960752::Cracked screen Apple iPhone 6 -128GB Gold (Verizon) https:\/\/t.co\/QRSL97yPC5 https:\/\/t.co\/rmp9vnknFk","display_text_range":[0,75]
1487317220.7734277::.. @VZWSupport my Pixel is compatible. The iPhone and iPad Air were bought from Apple and are compatible with @verizon"
1487317220.7770092::Apple iPhone 7 Plus GLOW MOD - 256GB - Black (Verizon) MINT https:\/\/t.co\/YNhJeYvStW https:\/\/t.co\/gSubD9zx8P","display_text_range":[0,83]
1487317221.65537::Apple iPhone 7 Plus (Latest Model) - 256GB - Black (Verizon) Smartphone  https:\/\/t.co\/w31cSIUgHe https:\/\/t.co\/RDYx7wfEzW","display_text_range":[0,96]
1487317224.1770303::Industry news: #Yahoo! may be reducing the asking price in its planned acquisition by Verizon.\u2026 https:\/\/t.co\/weRqACP8o8","display_text_range":[0,140]
1487317231.6609414::RT @verizon: Unlimited data gets the network it deserves. And so do you. *mic drop* #VZUnlimited https:\/\/t.co\/JBaXBZnUoK"
1487317241.6829214::Verizon Bought A Drone Startup! via @finimize https:\/\/t.co\/jcBCYGcNdB"
1487317258.0395062::RT @AmishPornStar1: Maybe we could just call Verizon and put Donald Trump on a limited data plan?"
1487317272.2091827::@sprint Build a tower on my property so I can have signal. The ONLY company that has signal just at my house is Verizon \ud83d\ude15\ud83d\ude43\ud83d\ude43"
1487317277.9608607::.. @VZWSupport when I move two smartphones and a tablet for 3 lines with @verizon (1\/2)"
1487317280.3524544::Apple iPhone 7 Plus GLOW MOD - 256GB - Black (Verizon) MINT https:\/\/t.co\/1WWUWgV2jO https:\/\/t.co\/ftDcCB6oox","display_text_range":[0,83]
1487317281.4930925::Apple iPhone 7 Plus (Latest Model) - 256GB - Black (Verizon) Smartphone  https:\/\/t.co\/MR9hvM1zqE https:\/\/t.co\/jdVnaRAVBw","display_text_range":[0,96]
1487317290.3749182::2 Tickets Lady Gaga Joanne World Tour Verizon Center Washington D.C. Sun. 11\/19\n\nvia\n\n$324.00\nEnd Date: Saturday F\u2026 https:\/\/t.co\/zgd9UmhFWR"
1487317323.3342965::Verizon\u2019s Unlimited Data Plan Is Back. Here\u2019s How It Compares to Other Carriers - https:\/\/t.co\/mwylW1813x"
1487317346.0230296::I hope #Verizon can handle the max exodus of #ATT customers leaving because it's clear @ATTCares is a lie. All we want is an equal plan!"
1487317346.5698314::Got Verizon Unlimited. New phone who's dis? #vzunlimited"
1487317355.5183415::Is it weird that I'm watching Verizon, Hulu and Cricket commercials on Atts DIRECTVnow app on my T-mobile IPad"
1487317371.1467943::Increase &amp; Strengthen Verizon Cell Phone Signal with and with out a Signal Booster\/\u2026 https:\/\/t.co\/NmFbqACBJa https:\/\/t.co\/UiOf3WyRsh"
1487317391.079193::Apple iPhone 7 Plus GLOW MOD - 256GB - Black (Verizon) MINT https:\/\/t.co\/n5E2vngXjr https:\/\/t.co\/K1ohKS6peX","display_text_range":[0,83]
1487317391.3428218::#free #win #iphone #style #digital #usb #music #giveaway New VERIZON Samsung Galaxy Note 4\u2026 https:\/\/t.co\/nkmBQ185Q9 https:\/\/t.co\/gg592uEUpB","display_text_range":[0,115]
1487317399.7697592::#free #win #iphone #style #digital #usb #music #giveaway New VERIZON Samsung Galaxy Note 4\u2026 https:\/\/t.co\/7SiDrkynOs https:\/\/t.co\/pR5H4ZlsnZ","display_text_range":[0,115]
1487317409.8363347::#free #win #iphone #style #digital #usb #music #giveaway New VERIZON Samsung Galaxy Note 4\u2026 https:\/\/t.co\/SctiLVIssn https:\/\/t.co\/6lvDYS7n9k","display_text_range":[0,115]
1487317418.1792905::#free #win #iphone #style #digital #usb #music #giveaway New VERIZON Samsung Galaxy Note 4\u2026 https:\/\/t.co\/reFcyifDqs https:\/\/t.co\/vN0QleqvqM","display_text_range":[0,115]
1487317424.6523461::Verizon leads the dash to pile up borrowed cash https:\/\/t.co\/L6TdeHa2JP via @bfly"
1487317426.7185278::#free #win #iphone #style #digital #usb #music #giveaway New VERIZON Samsung Galaxy Note 4\u2026 https:\/\/t.co\/Awc6QgwrfD https:\/\/t.co\/spY8oHLvmI","display_text_range":[0,115]
1487317438.6652598::#free #win #iphone #style #digital #usb #music #giveaway New VERIZON Samsung Galaxy Note 4\u2026 https:\/\/t.co\/FG53qnlZtR https:\/\/t.co\/WuaIG5U3YC","display_text_range":[0,115]
1487317442.3636785::T-Mobile vs. Verizon New Unlimited Data Plans Comparison https:\/\/t.co\/pJYKMB8Ppu #dealsoffers"
1487317447.2573278::RT @JonFreier: Thanks to @TMobile, @ATT and @verizon have been forced into offering unlimited data. Hope they don't take it away l\u2026 "
1487317449.6035328::#free #win #iphone #style #digital #usb #music #giveaway New VERIZON Samsung Galaxy Note 4\u2026 https:\/\/t.co\/j4Y021EP97 https:\/\/t.co\/8UWtR3OCYh","display_text_range":[0,115]
1487317453.2977116::#free #win #iphone #style #digital #usb #music #giveaway New VERIZON Samsung Galaxy Note 4\u2026 https:\/\/t.co\/moII73hbpB"
1487317459.2057796::#free #win #iphone #style #digital #usb #music #giveaway New VERIZON Samsung Galaxy Note 4\u2026 https:\/\/t.co\/szq9eOmOaT https:\/\/t.co\/LtfL1m5kIf","display_text_range":[0,115]
1487317468.2430494::#free #win #iphone #style #digital #usb #music #giveaway New VERIZON Samsung Galaxy Note 4\u2026 https:\/\/t.co\/sZAmGJCSNC https:\/\/t.co\/e1KjcEdtEW","display_text_range":[0,115]
1487317476.8760853::#free #win #iphone #style #digital #usb #music #giveaway New VERIZON Samsung Galaxy Note 4\u2026 https:\/\/t.co\/WcY6rxBkO2 https:\/\/t.co\/5XBEQWU2mZ","display_text_range":[0,115]
1487317486.7102933::#free #win #iphone #style #digital #usb #music #giveaway New VERIZON Samsung Galaxy Note 4\u2026 https:\/\/t.co\/OihXY9bmMO https:\/\/t.co\/BLaIbkpCfu","display_text_range":[0,115]
1487317490.1660588::Verizon buys Skyward, a drone operations company https:\/\/t.co\/mW9jntpg1g via @techcrunch"
1487317494.9278061::#free #win #iphone #style #digital #usb #music #giveaway New VERIZON Samsung Galaxy Note 4\u2026 https:\/\/t.co\/j4OfVU5DIH https:\/\/t.co\/bPwqdWjpcw","display_text_range":[0,115]
1487317498.8125048::#New post #Motorola Droid Turbo XT1254 Red - 32GB (Verizon) GSM Unlocked Android -USED - https:\/\/t.co\/n7VuFs6ROP https:\/\/t.co\/LLM39uTlI3","display_text_range":[0,112]
1487317504.4277499::#free #win #iphone #style #digital #usb #music #giveaway New VERIZON Samsung Galaxy Note 4\u2026 https:\/\/t.co\/Q7aoJhRU6C https:\/\/t.co\/3IamCiEMc0","display_text_range":[0,115]
1487317513.7300184::#free #win #iphone #style #digital #usb #music #giveaway New VERIZON Samsung Galaxy Note 4\u2026 https:\/\/t.co\/8h48klEvxp https:\/\/t.co\/GYq0mcanL3","display_text_range":[0,115]
1487317533.6286287::#free #win #iphone #style #digital #usb #music #giveaway New VERIZON Samsung Galaxy Note 4\u2026 https:\/\/t.co\/MQOduUkGGG https:\/\/t.co\/xrgJzgKjxL","display_text_range":[0,115]
1487317533.6587527::RT @NewDeals_C86: #free #win #iphone #style #digital #usb #music #giveaway New VERIZON Samsung Galaxy Note 4\u2026 https:\/\/t.co\/Q7aoJhRU6C https\u2026"
1487317533.9344003::I liked a @YouTube video https:\/\/t.co\/yCOT4SzRmp Verizon's Unlimited Data Deal Could Spark Cellphone Price War | TODAY"
1487317544.4388247::#free #win #iphone #style #digital #usb #music #giveaway New VERIZON Samsung Galaxy Note 4\u2026 https:\/\/t.co\/myo1j6uT5X https:\/\/t.co\/jiTC9leuXi","display_text_range":[0,115]
1487317544.7257361::Best unlimited wireless plan? New Verizon vs T-Mobile vs Sprint vs AT&amp;T offers compared https:\/\/t.co\/Zutpd2AJeR"
1487317548.365693::Don't know what u said abt Deray, but he's as fake as they come. His Verizon ad is just in time for\ud83d\udcb0\n@SusanSarandon\u2026 https:\/\/t.co\/A8OhGvCmtz","display_text_range":[0,140]
1487317559.4886458::#free #win #iphone #style #digital #usb #music #giveaway New VERIZON Samsung Galaxy Note 4\u2026 https:\/\/t.co\/n4PRylNAW2 https:\/\/t.co\/scmSDVcd8f","display_text_range":[0,115]
1487317574.1514273::#free #win #iphone #style #digital #usb #music #giveaway New VERIZON Samsung Galaxy Note 4\u2026 https:\/\/t.co\/Oohmkwb6sO https:\/\/t.co\/dTQ9dqQFw8","display_text_range":[0,115]
1487317594.1024983::#free #win #iphone #style #digital #usb #music #giveaway New VERIZON Samsung Galaxy Note 4\u2026 https:\/\/t.co\/iaAkCwD9Ew https:\/\/t.co\/4o06ViG1Vn","display_text_range":[0,115]
1487317614.0577912::Motorola Droid Turbo XT1254 Red \u2013 32GB (Verizon) GSM Unlocked Android -USED https:\/\/t.co\/soRpAoZvIU"
1487317661.8775017::Marketing Day: Shopping with Google Home, keyword analysis &amp; Verizon-Yahoo deal https:\/\/t.co\/wUZHQ7rHDJ [&gt;@marketingland"
1487317661.9180381::RT @SleekDeals: Grab #NBAmoji #App FREE &amp; #chat with @NBA #friends - so much fun! #wnba #basketball @verizon https:\/\/t.co\/VzymJtXYho @Sleek\u2026"
1487317667.5255532::Apple iPad with Retina Display MD524LL\/A (64GB  Wi-Fi + Verizon  Black) 4th Generation https:\/\/t.co\/EUsrKKORTy #3g_tablets_price_list"
1487317705.2977374::Apple iPad 2 64GB, Wi-Fi + 3G (Verizon), 9.7in - Black https:\/\/t.co\/jwyICmD5CI https:\/\/t.co\/PevRfM1Qu6","display_text_range":[0,78]
1487317724.094571::RT @coverdrone: Verizon buys Portland #drone startup Skyward by @rogoway  https:\/\/t.co\/r9x4m6hMlW https:\/\/t.co\/4d8sJWlHHw"
1487317750.8506188::Unlimited Data Plans are Back \u2013 Head-to-Head Comparison of Verizon, T-Mobile, AT&amp;T and Sprint https:\/\/t.co\/xDmYvJpLrB"
1487317751.4175978::https:\/\/t.co\/627LCUcnfp #Deals #CellPhones #Smartphones New Samsung Galaxy Note 4 Stylus S PEN for AT&amp;T Verizon Sprint and T-Mobile"
1487317756.97659::RT @hagiwararyu11: japantimes\u3055\u3093\u304b\u3089RT:\u3000Verizon gives in, enters unlimited data game  https:\/\/t.co\/0ex1iJSstD\u3000\u300002\u670814\u65e58\u664207\u5206\u53f0\u306e\u30cb\u30e5\u30fc\u30b9\u3067\u3057\u305f"
1487317763.1418004::RT @japantimes: Verizon gives in, enters unlimited data game  https:\/\/t.co\/BhhhVPnSd5"
1487317764.797596::Shoutout to @verizon for getting fucked by @KEEMSTAR maybe next time Verizon you should make up bullshit about @pewdiepie and tell the truth"
1487317778.9307451::RT @KEEMSTAR: -@verizon why are u sponsoring the @WIRED for lying &amp; slandering @pewdiepie! I'm canceling my Verzion internet\/Cell\u2026 "
1487317784.5259876::Sprint Follows Verizon's Unlimited Plan with HD Video Streaming for Half the Price https:\/\/t.co\/4C9g6UapFm"
1487317800.675243::RT @KEEMSTAR: -@verizon why are u sponsoring the @WIRED for lying &amp; slandering @pewdiepie! I'm canceling my Verzion internet\/Cell\u2026 "
1487317824.1791153::Verizon Reduces Yahoo Deal Price by $250 Million in Revised Deal https:\/\/t.co\/KmZrjTaIYo"
1487317826.472738::Hello. William Fairfax (DopeUrkel) :) https:\/\/t.co\/MaYIBbwD7A"
1487317837.2757113::Apple iPhone 4s - 16GB - Black (Verizon) Smartphone *4-1C https:\/\/t.co\/VHpaSvOayH https:\/\/t.co\/PAPJ1wXBmg","display_text_range":[0,81]
1487317847.648235::RT @AmyRoseKathryn: Taiwan Bans Euthanasia of Stray Animals in Shelters https:\/\/t.co\/wMmVtgO7Nu https:\/\/t.co\/WznmaKt1p6"
1487317851.6038313::Might have to be the move. https:\/\/t.co\/spAPq89Is0","display_text_range":[0,26]
1487317857.4581785::RT @Evettexo: Verizon has unlimited data!!!! Yassss bitch !! Yasssss lol"
1487317857.6613054::RT @GodwinOsetakah: The Unlimited Data Plan As Arrived-'Verizon'\nhttps:\/\/t.co\/roXvxcoBn9 https:\/\/t.co\/IHJCiGrdTC"
1487317902.5252924::Samsung i545 Galaxy S4 16GB Verizon 13MP Camera WiFi Cell Phone https:\/\/t.co\/LZaYcj77bW"
1487317927.8497534::I am beyond happy that Verizon has unlimited now \ud83d\ude29\ud83d\ude4c\ud83c\udffe"
1487317935.4251618::@Freezebadger I always been with verizon so I'm on their new unlimited plan for pretty cheap..Coworker already at 34GB xD","display_text_range":[14,121]
1487317958.2013047::iphone 6 deals at verizon - https:\/\/t.co\/oQ6oaqW9Vi VIDEO-&gt; https:\/\/t.co\/Jr9cu1H5En https:\/\/t.co\/8ZDEIgS6ux","display_text_range":[0,86]
1487317958.6792312::Meet #Analytics leaders from @Google @verizon @Starbucks &amp; more at #PASanDiego ! Use DATA200 for $200 off!\u2026 https:\/\/t.co\/4BngNl3IgE","display_text_range":[0,140]
1487317959.9812334::Meet #Analytics leaders from @Google @verizon @Starbucks &amp; more at #PASanDiego ! Use DATA200 for $200 off!\u2026 https:\/\/t.co\/Qfh0glyqYp","display_text_range":[0,140]
1487317961.590951::RT @AmishPornStar1: Maybe we could just call Verizon and put Donald Trump on a limited data plan?"
1487317970.4900613::Meet #Analytics leaders from @Google @verizon @Starbucks &amp; more at #PASanDiego ! Use DATA200 for $200 off!\u2026 https:\/\/t.co\/TXH3EOLT2D","display_text_range":[0,140]
1487317996.429514::RT @jhernanper: Verizon buys Skyward, a drone operations company https:\/\/t.co\/BkiPYpHcR8\u00a0 https:\/\/t.co\/BuLjQAZic3 https:\/\/t.co\/GdFN7EH74L"
1487318031.078017::HTC One M7 6500L \u2013 32GB \u2013 Silver (verizon)\u00a0Smartphone https:\/\/t.co\/bMSSYm24nU https:\/\/t.co\/xLLC1RxRaE","display_text_range":[0,77]
1487318060.731115::RT @KEEMSTAR: -@verizon why are u sponsoring the @WIRED for lying &amp; slandering @pewdiepie! I'm canceling my Verzion internet\/Cell\u2026 "
1487318087.420056::RT @KEEMSTAR: -@verizon why are u sponsoring the @WIRED for lying &amp; slandering @pewdiepie! I'm canceling my Verzion internet\/Cell\u2026 "
1487318089.5393333::@John49877951 Even with my generous 25% discount on @ATT I'm saving more on @Verizon w\/o discount.\n\n+Better speeds\n+Better coverage\n+Hotspot","display_text_range":[14,140]
1487318093.607059::RT @Cor_Com: #Verizon e #Yahoo! verso l'accordo, sconto di 250 mln di dollari sull'acquisto https:\/\/t.co\/szfOD5Bnz7 https:\/\/t.co\/zTo2dNjW9j"
1487318099.5568213::This story hurts my heart. \nhttps:\/\/t.co\/9RwZH9wnh8"
1487318116.9047914::\ud83e\udd11\u00a0Are wireless companies desperate for \u201cthe next big thing\u201d? #Drones https:\/\/t.co\/E6gaN1F0gn via @finimize"
1487318128.9260764::The $80 unlimited plan \u2014 or, to phrase it more accurately, unmetered plan \u2014 that Verizon Wireless rolled out Sunday\u2026https:\/\/t.co\/w3WlE8psMs"
1487318164.0522323::https:\/\/t.co\/zO24l9KGgZ Don't use shared #hosting, use #VPS! It's easy &amp; $5 only! https:\/\/t.co\/QYpMNByGde | #GelSendeEvetDe #Verizon\u2019s\u2026"
1487318190.0319963::#Samsung #Galaxy Samsung Galaxy Note Pro 32GB 12.2\" Tablet w\/ Wi-Fi + 4G (Verizon) - Black https:\/\/t.co\/NXCSfiaXAc\u2026 https:\/\/t.co\/en104z68dz","display_text_range":[0,140]
1487318198.306947::@verizon can you tell me why you are copy @TMobile for","display_text_range":[9,54]
1487318229.7526968::@sprintcare I feel like I'm paying a ton of money and Verizon's new plans look like worth switching for. Anything you can do?"
1487318263.3260472::Thank you @verizon for going unlimited\ud83d\ude4c\ud83c\udffe"
1487318268.563025::RT @WeRImmortals: Don't know what u said abt Deray, but he's as fake as they come. His Verizon ad is just in time for\ud83d\udcb0\n@SusanSarandon\u2026 "
1487318271.8248494::Trynna stay with @verizon but you #Bullshiting"
1487318297.9248695::Root Samsung Galaxy CDMA S6 SM-G920V Verizon https:\/\/t.co\/C3Kr4KjjNm"
1487318298.2281585::Root Samsung Galaxy CDMA S6 SM-G920V Verizon https:\/\/t.co\/ulOvFaiSHZ"
1487318305.767967::RT @KEEMSTAR: -@verizon why are u sponsoring the @WIRED for lying &amp; slandering @pewdiepie! I'm canceling my Verzion internet\/Cell\u2026 "
1487318346.9761593::eBay: Apple iPhone 6 - 16GB - Silver (Verizon) Smartphone https:\/\/t.co\/kRy2ad0veL #apple #iphone #ios\u2026 https:\/\/t.co\/ILO6c8NV5v","display_text_range":[0,140]
1487318356.32406::Reports: Verizon, Yahoo in Discounted Deal - https:\/\/t.co\/Y8EOfe1no7 https:\/\/t.co\/WPQG1tUPNu","display_text_range":[0,68]
1487318361.53533::Verizon 4G LTE 65dB 700MHz cell Phone Signal Booster Repeater for band13 https:\/\/t.co\/6OjRBQwEMb https:\/\/t.co\/pFlLFWPbmI","display_text_range":[0,96]
1487318393.0788078::@indigodon with Verizon?!","display_text_range":[11,25]
1487318407.818099::7 on Your Side: Apple, Verizon top 'on hold' complaints list | abc7news... Related Articles: https:\/\/t.co\/URoHJjMQmE https:\/\/t.co\/HS7xQDKX0U","display_text_range":[0,116]
1487318412.3488605::RT @verizon: Unlimited data gets the network it deserves. $45 per line\/4 lines. #VZUnlimited https:\/\/t.co\/KFCxjLmpXk"
1487318417.4078734::Telecoms are back in the game! Watch their moves in #robotics and #IoT! @verizon acquires Skyward #drones https:\/\/t.co\/ajUYDOaBZw"
1487318425.2613747::READ Apple iPhone 5c - 16GB - Blue (Verizon) Factory Unlocked Smartphone JS 140 https:\/\/t.co\/nvyYBeu6hm https:\/\/t.co\/WeaJSSQKPP","display_text_range":[0,103]
1487318426.3551376::Nice https:\/\/t.co\/lWZzAbYItv","display_text_range":[0,4]
1487318428.9489083::RT @HowardUms2: Congratulations to Mr. Telford and our 7th Grade on Winning Best in State in the Verizon App Challenge 2017!! https:\/\/t.co\/\u2026"
1487318429.042661::Apple iPhone 5c - 16GB - Pink (Verizon) Smartphone FACTORY UNLOCKED https:\/\/t.co\/5TplsEf5yx https:\/\/t.co\/GCf5NZNTL2","display_text_range":[0,91]
1487318429.2145352::Verizon Data Breach Report 2015 says,\u201c70-90% of malware samples are unique to an org\u201d Get malware certified today:\u2026 https:\/\/t.co\/lwoDsRrUwq","display_text_range":[0,140]
1487318435.0646207::Verizon \u043c\u043e\u0436\u0435\u0442 \u043f\u043e\u043b\u0443\u0447\u0438\u0442\u044c \u0441\u043a\u0438\u0434\u043a\u0443 \u043f\u0440\u0438 \u043f\u043e\u043a\u0443\u043f\u043a\u0435 Yahoo!"
1487318448.332672::https:\/\/t.co\/0uhkz6qmhO Apple iPhone 4 - 8GB - White (Verizon) Smartphone MD200LL\/A"
1487318455.3467515::Marketing Day: Shopping with Google Home, keyword analysis &amp; Verizon-Yahoo deal https:\/\/t.co\/B0g9TMlfOa"
1487318467.5508685::RT @cybraryIT: Verizon Data Breach Report 2015 says,\u201c70-90% of malware samples are unique to an org\u201d Get malware certified today:\u2026 "
1487318469.3319926::Verizon\u306b\u7d9a\u3044\u3066\uff21\uff34\uff06\uff34\u3082\u3001\uff14\u4eba\u5bb6\u65cf\u3067\u6708\uff11\uff18\uff10\u30c9\u30eb\u306e\u7121\u5236\u9650\u306e\u30c7\u30fc\u30bf\u30fc\u901a\u4fe1\u30d7\u30e9\u30f3\u3092\u63d0\u793a\u3002\u4e16\u754c\u306e\u643a\u5e2f\u306e\u6d41\u308c\u3060\u3002\u65e5\u672c\u306f\u4f55\u5e74\u9045\u308c\u3067\u3053\u306e\u4fa1\u683c\u3067\u7121\u5236\u9650\u30d7\u30e9\u30f3\u304c\u4e00\u822c\u5316\u3059\u308b\u304b\uff1f  https:\/\/t.co\/cbH6MRzrvi"
1487318470.541632::Verizon's drone push takes flight with Skyward purchase"
1487318520.4797974::Ok Verizon, thanks for telling me I'm out of data and reminding me my phone hella dry, thanks a lot"
1487318521.8521974::@VNOOOOOO @Dr_Davyyy @Penticly @Verizon Fuck you","display_text_range":[31,48]
1487318524.6435876::READ Apple iPhone 5c - 16GB - Blue (Verizon) Factory Unlocked Smartphone JS 140 https:\/\/t.co\/lBDojr9jYo https:\/\/t.co\/WslCLNZvYv","display_text_range":[0,103]
1487318525.238399::Verizon Has Fastest LTE Network in the West, While T-Mobile Tops the East in Latest StudyVerizon has the fastest... https:\/\/t.co\/uuRQZqGkAR"
1487318525.8624456::Verizon Finally Offers Unlimited Data As The Mobile Wars Heat Up Again https:\/\/t.co\/kd3IGrlc0I https:\/\/t.co\/DtGzrVFt4R","display_text_range":[0,94]
1487318526.6813736::How Verizon's new 'unlimited' plan compares to the competition https:\/\/t.co\/ALyjli2Ytn https:\/\/t.co\/IJnV6nt4O3","display_text_range":[0,86]
1487318527.6345065::Apple iPhone 5c - 16GB - Pink (Verizon) Smartphone FACTORY UNLOCKED https:\/\/t.co\/ayqSdyvCPw https:\/\/t.co\/1ge1TzEObL","display_text_range":[0,91]
1487318528.6188903::Verizon \u043c\u043e\u0436\u0435\u0442 \u043f\u043e\u043b\u0443\u0447\u0438\u0442\u044c \u0441\u043a\u0438\u0434\u043a\u0443 \u043f\u0440\u0438 \u043f\u043e\u043a\u0443\u043f\u043a\u0435 Yahoo! https:\/\/t.co\/tuZNGQqLoZ"
1487318543.1658902::READ Apple iPhone 5c - 16GB - Blue (Verizon) Factory Unlocked Smartphone JS 140 https:\/\/t.co\/PWNuDez1as https:\/\/t.co\/5XSwFTvHhD","display_text_range":[0,103]
1487318547.0559826::Apple iPhone 5c - 16GB - Pink (Verizon) Smartphone FACTORY UNLOCKED https:\/\/t.co\/s9abUWGisW https:\/\/t.co\/vAmRuddjUD","display_text_range":[0,91]
1487318572.4810932::RT @YahooFinance: How Verizon's new 'unlimited' plan compares to the competition https:\/\/t.co\/ALyjli2Ytn https:\/\/t.co\/IJnV6nt4O3"
1487318575.46651::@mrbuntyking Verizon is racist. Boycott Verizon.","display_text_range":[13,48]
1487318590.1328676::Verizon leads the dash to pile up borrowed cash https:\/\/t.co\/xDBJnzr1Nd via @Bfly https:\/\/t.co\/OS98SF0VEI","display_text_range":[0,81]
1487318596.8215988::AT&amp;T to Launch New Unlimited Data PlanFollowing in the footsteps of T-Mobile and Verizon, AT&amp;T today announced... https:\/\/t.co\/2wagWhEkA8"
1487318598.415366::business: Verizon leads the dash to pile up borrowed cash https:\/\/t.co\/FPG7HWqpdB via Bfly https:\/\/t.co\/Jj6WpzBpwG"
1487318611.730214::RT @business: Verizon leads the dash to pile up borrowed cash https:\/\/t.co\/xDBJnzr1Nd via @Bfly https:\/\/t.co\/OS98SF0VEI"
1487318616.1742008::my Verizon wireless unlimited first speed test: https:\/\/t.co\/hwq4uhJHaC via @YouTube"
1487318625.419702::RT @NewDeals_C83: #free #win #iphone #style #digital #usb #music #giveaway New VERIZON Samsung Galaxy Note 4\u2026 https:\/\/t.co\/WcY6rxBkO2 https\u2026"
1487318634.265371::#xrim #MONEY business : Verizon leads the dash to pile up borrowed cash \u2026 https:\/\/t.co\/cp7FQX8K1O) https:\/\/t.co\/WXnW8ecqEH","display_text_range":[0,98]
1487318639.758984::Verizon closes in on completing Yahoo deal with up to $350m slashed from initial price https:\/\/t.co\/n6F4JS0tHJ https:\/\/t.co\/epGXQlo0se","display_text_range":[0,110]
1487318639.8922658::#Science - Verizon 'close' to deal cutting $350m from Yahoo's, Verizon Communications Inc is close to a revised d... https:\/\/t.co\/jjemO5b1n7"
1487318645.8921213::READ Apple iPhone 5c - 16GB - Blue (Verizon) Factory Unlocked Smartphone JS 140 https:\/\/t.co\/cwW2bh4n1r https:\/\/t.co\/gxSQlOcqhv","display_text_range":[0,103]
1487318647.8296373::RT @marceloclaure: 8\/ So this Fri, it\u2019s bye @Verizon &amp; @ATT, hello @Sprint #Unlimited HD! \n4 lines @ $22.50\/each!\u2026 "
1487318648.0483897::Apple iPhone 5c - 16GB - Pink (Verizon) Smartphone FACTORY UNLOCKED https:\/\/t.co\/0sS7hy32f8 https:\/\/t.co\/fGzDhYdvZo","display_text_range":[0,91]
1487318651.6610134::Apple iPhone 4 - 8GB - White (Verizon) Smartphone MD200LL\/A https:\/\/t.co\/JRaqmFDl4Y https:\/\/t.co\/U0Y9d5jUnt","display_text_range":[0,83]
1487318656.2520292::business: Verizon leads the dash to pile up borrowed cash https:\/\/t.co\/ukav0agkt4 via Bfly \u2026 https:\/\/t.co\/itXUehfdsd"
1487318660.1532586::7+ TOP YouTube #VideoMarketing Stats https:\/\/t.co\/lvPuEFrvUc Verizon leads the dash to pile up borrowed cash \u2026 https:\/\/t.co\/hYGrti7I3y"
1487318661.6845224::\u0425\u0430\u043a\u0435\u0440\u044b \u0443\u0441\u0442\u0440\u043e\u0438\u043b\u0438 Verizon \u0441\u043a\u0438\u0434\u043a\u0443 \u043f\u0440\u0438 \u043f\u043e\u043a\u0443\u043f\u043a\u0435 Yahoo"
1487318664.5282943::https:\/\/t.co\/POCS8ZfSf3 #Deals #CellPhones #Smartphones New Verizon Prepaid Wireless Cell HTC Desire 530 Android 4G LTE Smartphone"
1487318671.792008::RT @business: Verizon leads the dash to pile up borrowed cash https:\/\/t.co\/xDBJnzr1Nd via @Bfly https:\/\/t.co\/OS98SF0VEI"
1487318673.3873866::RT @NewDeals_C64: #free #win #iphone #style #digital #usb #music #giveaway New VERIZON Samsung Galaxy Note 4\u2026 https:\/\/t.co\/reFcyifDqs https\u2026"
1487318688.1504664::RT @WeRImmortals: Don't know what u said abt Deray, but he's as fake as they come. His Verizon ad is just in time for\ud83d\udcb0\n@SusanSarandon\u2026 "
1487318705.635712::@TMobile @verizon @VerizonSupport @VerizonDeals @VerizonNews @VerizonPolicy","display_text_range":[9,75]
1487318707.8208644::READ Apple iPhone 5c - 16GB - Blue (Verizon) Factory Unlocked Smartphone JS 140 https:\/\/t.co\/NwYFsoKc0F https:\/\/t.co\/uP6Oznz32d","display_text_range":[0,103]
1487318710.6021523::Apple iPhone 5c - 16GB - Pink (Verizon) Smartphone FACTORY UNLOCKED https:\/\/t.co\/YeMbV55KOu https:\/\/t.co\/dFRbFpP1cq","display_text_range":[0,91]
1487318715.0240684::Verizon leads the dash to pile up borrowed cash https:\/\/t.co\/7DmvA18ojB via Bfly https:\/\/t.co\/ZNw518G8k2"
1487318724.1081226::business: Verizon leads the dash to pile up borrowed cash https:\/\/t.co\/ZW19I5BeBP via Bfly https:\/\/t.co\/Wp1U3qVbW5"
1487318728.9979212::RT @business: Verizon leads the dash to pile up borrowed cash https:\/\/t.co\/xDBJnzr1Nd via @Bfly https:\/\/t.co\/OS98SF0VEI"
1487318732.5071764::business: Verizon leads the dash to pile up borrowed cash https:\/\/t.co\/YiEIhaiGXu via Bfly https:\/\/t.co\/9DDaSheESe #7r9fui"
1487318739.1842716::YahooFinance: How Verizon's new 'unlimited' plan compares to the competition https:\/\/t.co\/AJiN91ZWX2 https:\/\/t.co\/EppWqQwT3J"
1487318766.1170175::RT @business: Verizon leads the dash to pile up borrowed cash https:\/\/t.co\/xDBJnzr1Nd via @Bfly https:\/\/t.co\/OS98SF0VEI"
1487318766.4138944::https:\/\/t.co\/zcGXGF2he2"
1487318769.8336504::https:\/\/t.co\/EqSD65keFx"
1487318770.1930287::\u0425\u0430\u043a\u0435\u0440\u044b \u0443\u0441\u0442\u0440\u043e\u0438\u043b\u0438 Verizon \u0441\u043a\u0438\u0434\u043a\u0443 \u043f\u0440\u0438 \u043f\u043e\u043a\u0443\u043f\u043a\u0435 Yahoo"
1487318772.4365184::Verizon leads the dash to pile up borrowed cash https:\/\/t.co\/xoAtIECc2z via Bfly https:\/\/t.co\/EYG25Gj9zE"
1487318781.5119588::#Breach notification 2 year delay costs #Yahoo $250 million https:\/\/t.co\/cytnhY26V2 #forgedCookies #Verizon"
1487318791.7628193::RT @KEEMSTAR: -@verizon why are u sponsoring the @WIRED for lying &amp; slandering @pewdiepie! I'm canceling my Verzion internet\/Cell\u2026 "
1487318794.9518657::RT @evankirstel: T-Mobile ONE Adds HD Video And 4G Hotspot As CEO Legere Mocks Verizon Unlimited @HotHardware #verizonunlimited https:\/\/t.c\u2026"
1487318797.4870474::Verizon Wireless: Retail Sales Representative - Cashier Experience Welcome #albanyjobs https:\/\/t.co\/wfCsGPb12a"
1487318798.7358508::business: Verizon leads the dash to pile up borrowed cash https:\/\/t.co\/lUxJoGFqgh via Bfly https:\/\/t.co\/FeEVZqUZ4s"
1487318813.9527807::#samsung  N910 Galaxy Note 4 32GB Verizon Wireless 4G LTE #Android #Smartphone https:\/\/t.co\/VLbefQnQjZ https:\/\/t.co\/A8BuKqGahi","display_text_range":[0,102]
1487318814.183762::RT @Advent_IM: Data breaches becoming more complex, pervasive and damaging \u2013 Verizon https:\/\/t.co\/8wbhR4xPIy via @https:\/\/twitter.com\/Infor\u2026"
1487318836.6804233::Verizon leads the dash to pile up borrowed cash https:\/\/t.co\/XNCFNCEgpn via Bfly https:\/\/t.co\/xLTL3QCYRm"
1487318843.35868::#dkmedie #usmedia #ukmedia #ausmedia #irlmedia #fakenews #clickbait #pewdiepie what we can do as the people against\u2026 https:\/\/t.co\/ucXB2z9XYn","display_text_range":[0,140]
1487318844.7355044::Verizon-Yahoo deal closing said to be close after $250 million price discount by @gsterling https:\/\/t.co\/uTqBAqeibv"
1487318846.5591893::Marketing Day: Shopping with Google Home, keyword analysis &amp; Verizon-Yahoo deal https:\/\/t.co\/PRDxzNBlqu"
1487318858.2227714::Verizon buys Skyward, a drone operations\u00a0company https:\/\/t.co\/0X2E1T4Q0T https:\/\/t.co\/x9SeBD5YAo","display_text_range":[0,72]
1487318858.7609367::RT @business: Verizon leads the dash to pile up borrowed cash https:\/\/t.co\/xDBJnzr1Nd via @Bfly https:\/\/t.co\/OS98SF0VEI"
1487318874.7770703::@verizon"
1487318885.714454::Verizon buys Skyward, a drone operations\u00a0company https:\/\/t.co\/cp0WDgy83W https:\/\/t.co\/vaZEiSTqGN"
